﻿<?xml version="1.0" encoding="utf-8" ?>
<reports>
  <!--If a query has the string '@PI' it will be replaced with the current project investigator-->
  <report>
    <name>---------------</name>
    <description></description>
    <query></query>
  </report>
  <report>
    <name>Missing Argos Platforms</name>
    <description>
      <![CDATA[Argos data (email or download) requires a matching Argos platform in the database before it can be assigned to a collar (and then processed to locations).]]>
    </description>
    <query>
      <![CDATA[
     SELECT D.PlatformId AS [Argos Id], D.ProgramId AS [Argos Program], D.FileId, F.[FileName]
       FROM ArgosFilePlatformDates AS D
  LEFT JOIN ArgosPlatforms AS P
         ON P.PlatformId = D.PlatformId
 INNER JOIN CollarFiles AS F
         ON F.FileId = D.FileId
  LEFT JOIN Projects as Pr
         ON Pr.ProjectId = F.ProjectId
      WHERE P.PlatformId IS NULL
        AND (F.[Owner] = @PI OR Pr.ProjectInvestigator = @PI)
      ]]>
    </query>
  </report>
  <report>
    <name>Missing Argos Programs</name>
    <description>
      <![CDATA[Argos platform must have a program in the database before it can be added.  The following programs are listed in your Argos data (email or download) and will need to be added to the database before this data can be processed.]]>
    </description>
    <query>
      <![CDATA[
     SELECT D.ProgramId AS [Argos Program], F.[FileName]
       FROM ArgosFilePlatformDates AS D
  LEFT JOIN ArgosPrograms AS P
         ON P.ProgramId = D.ProgramId
 INNER JOIN CollarFiles AS F
         ON F.FileId = D.FileId
  LEFT JOIN Projects as Pr
         ON Pr.ProjectId = F.ProjectId
      WHERE P.ProgramId IS NULL AND D.ProgramId IS NOT NULL
        AND (F.[Owner] = @PI OR Pr.ProjectInvestigator = @PI)
   GROUP BY D.ProgramId, F.[FileName]
      ]]>
    </query>
  </report>
  <report>
    <name>Collars with Unavailable Argos Data</name>
    <description>
      <![CDATA[These Collars contain Argos data in the named files that could not be processed by the Telonics Data Convertor.]]>
    </description>
    <query>
      <![CDATA[
     SELECT I.CollarManufacturer + '/' + I.CollarId AS Collar, I.PlatformId AS [Argos Id], F.[FileName] AS [File], I.Issue
       FROM ArgosFileProcessingIssues AS I
 INNER JOIN Collars AS C
         ON C.CollarManufacturer = I.CollarManufacturer AND C.CollarId = I.CollarId
  LEFT JOIN ArgosPlatforms AS P1
         ON P1.PlatformId = I.PlatformId
  LEFT JOIN ArgosPrograms AS P
         ON P.ProgramId = P1.ProgramId
 INNER JOIN CollarFiles AS F
         ON F.FileId = I.FileId
  LEFT JOIN Projects AS Pr
         ON Pr.ProjectId = F.ProjectId
      WHERE C.HasGps = 1
        AND (P.Manager = @PI OR C.[Manager] = @PI OR Pr.ProjectInvestigator = @PI)
      ]]>
    </query>
  </report>
  <report>
    <name>Argos Data Without a Collar</name>
    <description>
      <![CDATA[Argos data (email or download) require a collar assignment and collar parameters in order to be processed.  The following Argos Ids have unprocessed data.  This can be corrected by assigning a collar with parameters to the Argos Id.]]>
    </description>
    <query>
      <![CDATA[
     SELECT I.PlatformId AS [Argos Id], MIN(FirstTransmission) AS [First Fix], MAX(LastTransmission) AS [Last Fix]
       FROM ArgosFileProcessingIssues AS I
  LEFT JOIN ArgosPlatforms AS P1
         ON P1.PlatformId = I.PlatformId
  LEFT JOIN ArgosPrograms AS P
         ON P.ProgramId = P1.ProgramId
 INNER JOIN CollarFiles AS F
         ON F.FileId = I.FileId
  LEFT JOIN Projects AS Pr
         ON Pr.ProjectId = F.ProjectId
      WHERE I.CollarId IS NULL
        AND (P.Manager = @PI OR Pr.ProjectInvestigator = @PI)
   GROUP BY I.PlatformId
   ORDER BY MAX(LastTransmission) DESC
      ]]>
    </query>
  </report>
  <report>
    <name>Argos Files with Unprocessed Data</name>
    <description>
      <![CDATA[Argos files require a collar assignment and collar parameters (if GPS) in order to be processed.  The following Files have Argos Ids have unprocessed data.  This can be corrected by assigning a collar (and parameters if GPS) to the Argos Id.]]>
    </description>
    <query>
      <![CDATA[
     SELECT F.[FileName] AS [File], I.PlatformId AS [Argos Id], I.Issue
       FROM ArgosFileProcessingIssues AS I
       JOIN CollarFiles AS F
         ON F.FileId = I.FileId
  LEFT JOIN Collars AS C
         ON C.CollarManufacturer = I.CollarManufacturer AND C.CollarId = I.CollarId
  LEFT JOIN Projects AS Pr
         ON Pr.ProjectId = F.ProjectId
      WHERE I.PlatformId IS NOT NULL AND (C.HasGps IS NULL OR C.HasGps = 1)
        AND (F.[Owner] = @PI OR Pr.ProjectInvestigator = @PI)
   ORDER BY F.[FileName], I.PlatformId
      ]]>
    </query>
  </report>
  <report>
    <name>Argos Platforms with no download data</name>
    <description>
      <![CDATA[The list of Argos platforms in the database that do not have any downloaded Argos data files.  These may be platforms that are required to process historic Argos email data, but the Argos Id has been retired.]]>
    </description>
    <query>
      <![CDATA[
     SELECT P.PlatformId, C.*
       FROM ArgosPlatforms AS P
  LEFT JOIN ArgosPrograms AS P2
         ON P.ProgramId = P2.ProgramId
  LEFT JOIN ArgosDeployments AS AD
         ON P.PlatformId = AD.PlatformId
  LEFT JOIN Collars AS C
         ON AD.CollarManufacturer = C.CollarManufacturer AND AD.CollarId = C.CollarId
  LEFT JOIN (ArgosFilePlatformDates AS T
             INNER JOIN CollarFiles AS F
             ON F.FileId = T.FileId AND F.Format = 'F')
         ON T.PlatformId = P.PlatformId
      WHERE T.PlatformId IS NULL
        AND P2.Manager = @PI
   ORDER BY P.PlatformId
      ]]>
    </query>
  </report>
  <report>
    <name>Argos Platforms with no data</name>
    <description>
      <![CDATA[The list of Argos platforms in the database that do not have any Argos data (downloaded or emails).  This indicates either missing data files or unused Argos Ids.]]>
    </description>
    <query>
      <![CDATA[
     SELECT P.PlatformId, C.*
       FROM ArgosPlatforms AS P
  LEFT JOIN ArgosPrograms AS P2
         ON P.ProgramId = P2.ProgramId
  LEFT JOIN ArgosDeployments AS AD
         ON AD.PlatformId = P.PlatformId
  LEFT JOIN Collars AS C
         ON AD.CollarManufacturer = C.CollarManufacturer AND AD.CollarId = C.CollarId
  LEFT JOIN ArgosFilePlatformDates AS T
         ON T.PlatformId = P.PlatformId
      WHERE T.PlatformId IS NULL
        AND P2.Manager = @PI
   ORDER BY P.PlatformId
      ]]>
    </query>
  </report>
  <report>
    <name>Active Collar/Animal where Argos downloads have produced no fixes</name>
    <description>
      <![CDATA[Active collars should get new fixes from the downloaded Argos data.  Any collars in this list should be investigated.  The download files should be checked.  It may be that the collar is failed, or that the database has an error.]]>
    </description>
    <query>
      <![CDATA[
     SELECT C.Manager, C.CollarModel, C.CollarId AS CTN, A.PlatformId AS ArgosId, D.ProjectId, D.AnimalId
       FROM Collars AS C
  LEFT JOIN CollarDeployments AS D
         ON C.CollarManufacturer = D.CollarManufacturer AND C.CollarId = D.CollarId
  LEFT JOIN ArgosDeployments AS A
         ON C.CollarManufacturer = A.CollarManufacturer AND C.CollarId = A.CollarId
      WHERE A.PlatformId IN (
                            SELECT PlatformId
                              FROM ArgosDownloads
                          GROUP BY PlatformId
                HAVING Max(FileID) IS NULL
            )
        AND C.DisposalDate IS NULL  -- only show active collars
        AND D.RetrievalDate IS NULL -- only show current animal
        AND C.Manager = @PI
   ORDER BY C.Manager, C.CollarModel, A.PlatformId
      ]]>
    </query>
  </report>


  <report>
    <name>---------------</name>
    <description></description>
    <query></query>
  </report>
  <report>
    <name>All Collars</name>
    <description>
      <![CDATA[List all collars.  To copy this data into Excel or another application, select the rows to copy (click the top left corner to select all rows), then press Ctrl-C, then paste into the other application.]]>
    </description>
    <query>
      <![CDATA[
      SELECT * FROM Collars WHERE Manager = @PI
      ]]>
    </query>
  </report>
  <report>
    <name>Collars without GPS</name>
    <description>
      <![CDATA[Lists all the collars that do not have an onboard GPS.  These collars collect Argos locations (if they have an Argos Id), or are used for radio (VHF) tracking.  The database will store Argos (PPT) locations, but not VHF locations.]]>
    </description>
    <query>
      <![CDATA[
     SELECT C.CollarManufacturer, C.CollarModel, C.CollarId, C.Frequency, HasGps, D.PlatformId AS ArgosId
       FROM Collars AS C
  LEFT JOIN ArgosDeployments AS D
         ON D.CollarManufacturer = C.CollarManufacturer AND D.CollarId = C.CollarId
      WHERE HasGps = 0
        AND C.Manager = @PI
      ]]>
    </query>
  </report>
  <report>
    <name>Collars without Argos Platform</name>
    <description>
      <![CDATA[A collar is not required to have an Argos Id, but if a collar has an Argos assignment that the database does not know about, Argos data (emails or downloads), cannot be assigned to the collar/animal.]]>
    </description>
    <query>
      <![CDATA[
     SELECT C.CollarManufacturer, C.CollarModel, C.CollarId, C.Frequency, HasGps, D.PlatformId AS ArgosId
       FROM Collars AS C
  LEFT JOIN ArgosDeployments AS D
         ON D.CollarManufacturer = C.CollarManufacturer AND D.CollarId = C.CollarId
      WHERE D.PlatformId IS NULL
        AND C.Manager = @PI
      ]]>
    </query>
  </report>


  <report>
    <name>---------------</name>
    <description></description>
    <query></query>
  </report>
  <report>
    <name>Active dates for each collar</name>
    <description>
      <![CDATA[Lists the dates that each collar has been active (deployed)]]>
    </description>
    <query>
      <![CDATA[
     SELECT C.CollarManufacturer, C.CollarId, MIN(D.DeploymentDate) AS [FirstDeployment], MAX(D.RetrievalDate) AS [LastRetrieval],C.DisposalDate
       FROM Collars as C
  LEFT JOIN CollarDeployments AS D
         ON C.CollarManufacturer = D.CollarManufacturer AND C.CollarId = D.CollarId
      WHERE C.Manager = @PI
   GROUP BY C.CollarManufacturer, C.CollarId, C.DisposalDate
   ORDER BY C.CollarManufacturer, C.CollarId
      ]]>
    </query>
  </report>
  <report>
    <name>Collars that do not have fixes</name>
    <description>
      <![CDATA[A list of collars that do not have any fixes]]>
    </description>
    <query>
      <![CDATA[
     SELECT C.CollarManufacturer, C.CollarModel, C.CollarId, D.PlatformId AS ArgosId, C.Frequency
       FROM Collars AS C
  LEFT JOIN CollarFixes as F
         ON C.CollarId = F.CollarId
  LEFT JOIN ArgosDeployments AS D
         ON D.CollarManufacturer = C.CollarManufacturer AND D.CollarId = C.CollarId
      WHERE C.Manager = @PI
        AND F.CollarId IS NULL
   ORDER BY C.CollarManufacturer, C.CollarModel, C.CollarId
      ]]>
    </query>
  </report>
  <report>
    <name>Collars that do not have files</name>
    <description>
      <![CDATA[A list of collars that do not have any data files in the database]]>
    </description>
    <query>
      <![CDATA[
     SELECT C.CollarManufacturer, C.CollarModel, C.CollarId, D.PlatformId AS ArgosId, C.Frequency
       FROM Collars AS C
  LEFT JOIN CollarFiles as F
         ON C.CollarId = F.CollarId
  LEFT JOIN ArgosDeployments AS D
         ON D.CollarManufacturer = C.CollarManufacturer AND D.CollarId = C.CollarId
      WHERE C.Manager = @PI
        AND F.CollarId IS NULL
   ORDER BY C.CollarManufacturer, C.CollarModel, C.CollarId
      ]]>
    </query>
  </report>
  <report>
    <name>Count of unused fixes for each collar</name>
    <description>
      <![CDATA[A list of the fixes not assigned to an animal.  Typically these are fixes occur outside the dates of a deployment, or after a mortality.  Collars with a large number of fixes, may not be properly assigned.]]>
    </description>
    <query>
      <![CDATA[
     SELECT C.Manager, F.CollarManufacturer, F.CollarId, MIN(F.FixDate) AS [First Fix], MAX(F.FixDate) AS [Last Fix], COUNT(F.FixDate) AS [Fix Count]
       FROM CollarFixes AS F
  LEFT JOIN Locations AS L
         ON F.FixId = L.FixId
  LEFT JOIN Collars AS C
         ON F.CollarManufacturer = C.CollarManufacturer AND  F.CollarId = C.CollarId
      WHERE L.FixId IS NULL
        AND F.HiddenBy IS NULL
        AND C.Manager = @PI
   GROUP BY C.Manager, F.CollarManufacturer, F.CollarId
   ORDER BY COUNT(F.FixDate) DESC
      ]]>
    </query>
  </report>

  
  <report>
    <name>---------------</name>
    <description></description>
    <query></query>
  </report>
  <report>
    <name>Summary of TPF data</name>
    <description>
      <![CDATA[List all collars in each TPF (Telonics Parameter File).]]>
    </description>
    <query>
      <![CDATA[
     SELECT TPF.[FileName], TPF.CTN, TPF.[Platform], TPF.Frequency, TPF.[TimeStamp]
       FROM AllTpfFileData AS TPF
 INNER JOIN CollarParameterFiles as F
         ON F.FileId = TPF.FileId
      WHERE F.[Owner] = @PI
   ORDER BY TPF.[FileName], TPF.CTN
      ]]>
    </query>
  </report>
  <report>
    <name>Telonics Gen4 Collars without TPF file</name>
    <description>
      <![CDATA[The database requires a Telonics Parameter File (*.tpf) in order to extract GPS fixes from Argos data (emails or downloads) for Gen 4 collars.]]>
    </description>
    <query>
      <![CDATA[
     SELECT C.CollarModel, C.CollarId, C.Frequency, HasGps, D.PlatformId AS ArgosId
       FROM Collars AS C
  LEFT JOIN CollarParameters AS P
         ON C.CollarManufacturer = P.CollarManufacturer AND C.CollarId = P.CollarId
  LEFT JOIN CollarParameterFiles AS F
         ON F.FileId = P.FileId
  LEFT JOIN ArgosDeployments AS D
         ON D.CollarManufacturer = C.CollarManufacturer AND D.CollarId = C.CollarId
      WHERE C.CollarManufacturer = 'Telonics' AND C.CollarModel = 'Gen4'
        AND (F.Format IS NULL OR F.Format <> 'A')
        AND C.Manager = @PI
      ]]>
    </query>
  </report>
  <report>
    <name>Collars in multiple TPF files</name>
    <description>
      <![CDATA[A collar in multiple TPF files should have multiple parameter assignments to ensure that the data is correctly processed to match the parameters in effect when the data was collected.]]>
    </description>
    <query>
      <![CDATA[
     SELECT T.CTN, T.[Platform], T.[Status], T.FileId, T.[FileName], T.[TimeStamp], P.StartDate, P.EndDate
       FROM AllTpfFileData AS T
  LEFT JOIN CollarParameters AS P
         ON T.FileId = P.FileId AND T.CTN = P.CollarId
  LEFT JOIN Collars AS C
         ON C.CollarManufacturer = 'Telonics' AND T.CTN = C.CollarId
      WHERE T.CTN in (SELECT CTN FROM AllTpfFileData GROUP BY CTN HAVING COUNT(*) > 1)
        AND C.Manager = @PI
   ORDER BY T.CTN, T.[Status]
      ]]>
    </query>
  </report>
  <report>
    <name>Telonics Gen3 Collars with an active PPF File</name>
    <description>
      <![CDATA[Gen3 collars with a non-constant fix interval have a platform parameter file (*.ppf) to describe when fixes are obtained.  Unfortunately, the database cannot extract fix data from Argos data (emails or downloads) for collars with PPF files.  Argos data for these collars must be preprocessed before it is uploaded to the database.]]>
    </description>
    <query>
      <![CDATA[
     SELECT C.CollarModel, C.CollarId, D.PlatformId AS ArgosId, C.Frequency, F.[FileName], P.Gen3Period
       FROM Collars AS C
  LEFT JOIN CollarParameters AS P
         ON C.CollarManufacturer = P.CollarManufacturer AND C.CollarId = P.CollarId
  LEFT JOIN CollarParameterFiles AS F
         ON P.FileId = F.FileId
  LEFT JOIN ArgosDeployments AS D
         ON D.CollarManufacturer = C.CollarManufacturer AND D.CollarId = C.CollarId
      WHERE C.CollarManufacturer = 'Telonics' AND C.CollarModel = 'Gen3'
        AND F.Format = 'B' AND F.Status = 'A'
        AND C.Manager = @PI
      ]]>
    </query>
  </report>
  <report>
    <name>Telonics Gen3 Collars without a fix interval</name>
    <description>
      <![CDATA[The database requires a fix interval (hours or minutes between fixes) in order to extract Gen3 collar fix data from Argos data (emails or downloads).]]>
    </description>
    <query>
      <![CDATA[
     SELECT C.CollarModel, C.CollarId, D.PlatformId AS ArgosId, C.Frequency, P.Gen3Period
       FROM Collars AS C
  LEFT JOIN CollarParameters AS P
         ON C.CollarManufacturer = P.CollarManufacturer AND C.CollarId = P.CollarId
  LEFT JOIN ArgosDeployments AS D
         ON D.CollarManufacturer = C.CollarManufacturer AND D.CollarId = C.CollarId
      WHERE C.CollarManufacturer = 'Telonics' AND C.CollarModel = 'Gen3'
        AND P.Gen3Period IS NULL
        AND C.Manager = @PI
      ]]>
    </query>
  </report>


  <report>
    <name>---------------</name>
    <description></description>
    <query></query>
  </report>
  <report>
    <name>Collars with conflicting fixes in the last 30 days - Slow!</name>
    <description>
      <![CDATA[The Argos system can transmit a GPS locations multiple times.  A conflict occurs when there is more that one location for any moment in time.  The following list identifies the conflicts in the last 30 days.]]>
    </description>
    <query>
      <![CDATA[
     SELECT C.CollarManufacturer, C.CollarId, F.*
       FROM Collars AS C
CROSS APPLY (SELECT * FROM ConflictingFixes (C.CollarManufacturer,C.CollarId, 30)) AS F
      WHERE C.Manager = @PI
   ORDER BY CollarId, LocalFixTime, FixId
      ]]>
    </query>
  </report>
  <report>
    <name>All collars with any conflicting fixes - Very Slow!!</name>
    <description>
      <![CDATA[The Argos system can transmit a GPS locations multiple times.  A conflict occurs when there is more that one location for any moment in time.  The following list identifies all the conflicts so far.]]>
    </description>
    <query>
      <![CDATA[
     SELECT C.CollarManufacturer, C.CollarId, F.*
       FROM Collars AS C
CROSS APPLY (SELECT * FROM ConflictingFixes (C.CollarManufacturer,C.CollarId, 30000)) AS F
      WHERE C.Manager = @PI
   ORDER BY CollarId, LocalFixTime, FixId
      ]]>
    </query>
  </report>
  <report>
    <name>Summary of fixes for all collars - Slow!</name>
    <description>
      <![CDATA[This list provides a summary of the fixes recieved for each collar]]>
    </description>
    <query>
      <![CDATA[
     SELECT C.CollarManufacturer, C.CollarId, F.*
       FROM Collars AS C
CROSS APPLY (SELECT * FROM CollarFixSummary (c.CollarManufacturer,c.CollarId)) AS F
      WHERE C.Manager = @PI
      ]]>
    </query>
  </report>
  <report>
    <name>Downloads in the last 10 days</name>
    <description>
      <![CDATA[List the successful and unsuccessful download attempts in the last 10 days]]>
    </description>
    <query>
      <![CDATA[
     SELECT D.*
       FROM ArgosDownloads AS D
  LEFT JOIN ArgosPrograms AS P
         ON P.ProgramId = D.ProgramId
  LEFT JOIN ArgosPlatforms AS P1
         ON P1.PlatformId = D.PlatformId
  LEFT JOIN ArgosPrograms AS P2
         ON P1.ProgramId = P2.ProgramId
      WHERE DATEDIFF(day, [TimeStamp], GETDATE()) < 10
        AND (P.Manager = @PI OR P2.Manager = @PI)
   ORDER BY [TimeStamp] DESC
      ]]>
    </query>
  </report>
</reports>
